snapshot_date,market,retailer,build,component,variant,raw_component,sku,product_key,spec_key,part_numbers,unit_price,qty,line_total,currency,status,condition,url,collected_at,selected,meets_spec,selection_note,source_file,source_row
2026-09-23,RU,Regard,budget_am4,cpu,,cpu,AMD Ryzen 5 5600 OEM,amd ryzen 5 5600 oem,ryzen 5 5600,,11550.00,1,11550.00,RUB,ok,,,,true,,,regard_2026-09-23.csv,2
2026-09-23,RU,Regard,budget_am4,gpu,,gpu,NVIDIA GeForce RTX 5050 AFOX 8GB (AF5050-8GD6H7-V2),,rtx 5050,AF5050-8GD6H7-V2,44480.00,1,44480.00,RUB,ok,,,,true,,,regard_2026-09-23.csv,3
2026-09-23,RU,Regard,budget_am4,ram,kit,ram_kit,16GB DDR4 3200MHz Netac Shadow S White (NTSSD4P32DP-16W) (2x8GB KIT),,16gb ddr4-3200,NTSSD4P32DP-16W,12990.00,1,12990.00,RUB,ok,,,,false,true,alternative not selected: single is cheaper,regard_2026-09-23.csv,4
2026-09-23,RU,Regard,budget_am4,ram,single,ram_single,8GB DDR4 3200MHz ExeGate Value (EX293813RUS),,16gb ddr4-3200,EX293813RUS,5940.00,2,11880.00,RUB,ok,,,,true,true,cheapest of 2 alternatives meeting spec (others: kit 12990),regard_2026-09-23.csv,5
2026-09-23,RU,Regard,budget_am4,ssd,,ssd,1TB Indilinx (IND-S325S001TX),,1tb,IND-S325S001TX,11950.00,1,11950.00,RUB,ok,,,,true,,,regard_2026-09-23.csv,6
2026-09-23,RU,Regard,budget_am4,motherboard,,motherboard,Biostar A520MHP 2.0,,a520,,5280.00,1,5280.00,RUB,ok,,,,true,,,regard_2026-09-23.csv,7
2026-09-23,RU,Regard,budget_am4,cooler,,cooler,ID-COOLING SE-902-SD V3,id-cooling se-902-sd v3,cooler,SE-902-SD,1030.00,1,1030.00,RUB,ok,,,,true,,,regard_2026-09-23.csv,8
2026-09-23,RU,Regard,budget_am4,psu,,psu,500W Formula FV-500WD,,500w,FV-500WD,2800.00,1,2800.00,RUB,ok,,,,true,,,regard_2026-09-23.csv,9
2026-09-23,RU,Regard,budget_am4,case,,case,ExeGate BAA-503 Black,,case,BAA-503,1290.00,1,1290.00,RUB,ok,,,,true,,,regard_2026-09-23.csv,10
2026-09-24,RU,DNS,budget_am4,cpu,,cpu,Процессор AMD Ryzen 5 5600 OEM,amd ryzen 5 5600 oem,ryzen 5 5600,,11999.00,1,11999.00,RUB,ok,,,,true,,,dns_build_2026-09-24.csv,2
2026-09-24,RU,DNS,budget_am4,gpu,,gpu,Видеокарта MSI GeForce RTX 5050 SHADOW 2X OC,,rtx 5050,,39499.00,1,39499.00,RUB,ok,,,,true,,,dns_build_2026-09-24.csv,3
2026-09-24,RU,DNS,budget_am4,ram,,ram,Оперативная память Digma DGMAD43200016D 16 ГБ,,,DGMAD43200016D,12599.00,1,12599.00,RUB,ok,,,,true,true,,dns_build_2026-09-24.csv,4
2026-09-24,RU,DNS,budget_am4,ssd,,ssd,"1024 ГБ 2.5"" SATA накопитель DEXP C100",,1tb,,10999.00,1,10999.00,RUB,ok,,,,true,,,dns_build_2026-09-24.csv,5
2026-09-24,RU,DNS,budget_am4,motherboard,,motherboard,Материнская плата MSI PRO A520M-S,,a520,A520M-S,4599.00,1,4599.00,RUB,ok,,,,true,,,dns_build_2026-09-24.csv,6
2026-09-24,RU,DNS,budget_am4,cooler,,cooler,Кулер для процессора ID-COOLING SE-902-SD V3,id-cooling se-902-sd v3,cooler,SE-902-SD,850.00,1,850.00,RUB,ok,,,,true,,,dns_build_2026-09-24.csv,7
2026-09-24,RU,DNS,budget_am4,psu,,psu,Блок питания Formula ECO-500W,,500w,ECO-500W,2299.00,1,2299.00,RUB,ok,,,,true,,,dns_build_2026-09-24.csv,8
2026-09-24,RU,DNS,budget_am4,case,,case,Корпус ExeGate BAA-109U2,,case,BAA-109U2,1450.00,1,1450.00,RUB,ok,,,,true,,,dns_build_2026-09-24.csv,9
2026-09-24,RU,Regard,budget_am4,cpu,,cpu,AMD Ryzen 5 5600 OEM,amd ryzen 5 5600 oem,ryzen 5 5600,,11550.00,1,11550.00,RUB,ok,,,,true,,,regard_2026-09-24.csv,2
2026-09-24,RU,Regard,budget_am4,gpu,,gpu,NVIDIA GeForce RTX 5050 AFOX 8GB (AF5050-8GD6H7-V2),,rtx 5050,AF5050-8GD6H7-V2,44480.00,1,44480.00,RUB,ok,,,,true,,,regard_2026-09-24.csv,3
2026-09-24,RU,Regard,budget_am4,ram,kit,ram_kit,16GB DDR4 3200MHz Netac Shadow S White (NTSSD4P32DP-16W) (2x8GB KIT),,16gb ddr4-3200,NTSSD4P32DP-16W,12990.00,1,12990.00,RUB,ok,,,,false,true,alternative not selected: single is cheaper,regard_2026-09-24.csv,4
2026-09-24,RU,Regard,budget_am4,ram,single,ram_single,8GB DDR4 3200MHz ExeGate Value (EX293813RUS),,16gb ddr4-3200,EX293813RUS,5940.00,2,11880.00,RUB,ok,,,,true,true,cheapest of 2 alternatives meeting spec (others: kit 12990),regard_2026-09-24.csv,5
2026-09-24,RU,Regard,budget_am4,ssd,,ssd,1TB Indilinx (IND-S325S001TX),,1tb,IND-S325S001TX,11950.00,1,11950.00,RUB,ok,,,,true,,,regard_2026-09-24.csv,6
2026-09-24,RU,Regard,budget_am4,motherboard,,motherboard,Biostar A520MHP 2.0,,a520,,5280.00,1,5280.00,RUB,ok,,,,true,,,regard_2026-09-24.csv,7
2026-09-24,RU,Regard,budget_am4,cooler,,cooler,ID-COOLING SE-902-SD V3,id-cooling se-902-sd v3,cooler,SE-902-SD,1030.00,1,1030.00,RUB,ok,,,,true,,,regard_2026-09-24.csv,8
2026-09-24,RU,Regard,budget_am4,psu,,psu,500W Formula FV-500WD,,500w,FV-500WD,2800.00,1,2800.00,RUB,ok,,,,true,,,regard_2026-09-24.csv,9
2026-09-24,RU,Regard,budget_am4,case,,case,ExeGate BAA-503 Black,,case,BAA-503,1290.00,1,1290.00,RUB,ok,,,,true,,,regard_2026-09-24.csv,10
2026-09-24,RU,Regard,budget_am5,cpu,,cpu,AMD Ryzen 5 7500F OEM,amd ryzen 5 7500f oem,ryzen 5 7500f,,13300.00,1,13300.00,RUB,ok,,,,true,,,regard_2026-09-24.csv,11
2026-09-24,RU,Regard,budget_am5,gpu,,gpu,NVIDIA GeForce RTX 5060 Gigabyte WINDFORCE OC 8GB (GV-N5060WF2OC-8GD),,rtx 5060,GV-N5060WF2OC-8GD,50990.00,1,50990.00,RUB,ok,,,,true,,,regard_2026-09-24.csv,12
2026-09-24,RU,Regard,budget_am5,ram,,ram,16GB DDR5 6000MHz Kingston Fury Beast (KF560C30BBEK2-16) (2x8GB KIT),,16gb ddr5-6000,KF560C30BBEK2-16,35990.00,1,35990.00,RUB,ok,,,,true,true,,regard_2026-09-24.csv,13
2026-09-24,RU,Regard,budget_am5,ssd,,ssd,1TB MSI SPATIUM M461 (SPATIUM M461 PCIe 4.0 NVMe M.2 1TB),,1tb,,16970.00,1,16970.00,RUB,ok,,,,true,,,regard_2026-09-24.csv,14
2026-09-24,RU,Regard,budget_am5,motherboard,,motherboard,ASUS PRIME B650M-R,,b650,B650M-R,9620.00,1,9620.00,RUB,ok,,,,true,,,regard_2026-09-24.csv,15
2026-09-24,RU,Regard,budget_am5,cooler,,cooler,ID-COOLING SE-902-SD V3,id-cooling se-902-sd v3,cooler,SE-902-SD,1030.00,1,1030.00,RUB,ok,,,,true,,,regard_2026-09-24.csv,16
2026-09-24,RU,Regard,budget_am5,psu,,psu,650W Formula FV-650LT,,650w,FV-650LT,3000.00,1,3000.00,RUB,ok,,,,true,,,regard_2026-09-24.csv,17
2026-09-24,RU,Regard,budget_am5,case,,case,ExeGate BAA-503 Black,,case,BAA-503,1290.00,1,1290.00,RUB,ok,,,,true,,,regard_2026-09-24.csv,18
2026-09-24,RU,Regard,mid,cpu,,cpu,AMD Ryzen 5 9600X OEM,amd ryzen 5 9600x oem,ryzen 5 9600x,,18190.00,1,18190.00,RUB,ok,,,,true,,,regard_2026-09-24.csv,19
2026-09-24,RU,Regard,mid,gpu,,gpu,NVIDIA GeForce RTX 5070 Palit Infinity 3 12GB (NE75070019K9-GB2050S),,rtx 5070,NE75070019K9-GB2050S,89990.00,1,89990.00,RUB,ok,,,,true,,,regard_2026-09-24.csv,20
2026-09-24,RU,Regard,mid,ram,,ram,32GB DDR5 6000MHz Netac Shadow III (NTSHD5P60DP-32KC) (2x16GB KIT),,32gb ddr5-6000,NTSHD5P60DP-32KC,51260.00,1,51260.00,RUB,ok,,,,true,true,,regard_2026-09-24.csv,21
2026-09-24,RU,Regard,mid,ssd,,ssd,2TB MSI SPATIUM M461 (SPATIUM M461 PCIe 4.0 NVMe M.2 2TB),,2tb,,27320.00,1,27320.00,RUB,ok,,,,true,,,regard_2026-09-24.csv,22
2026-09-24,RU,Regard,mid,motherboard,,motherboard,Gigabyte B650 EAGLE (rev. 1.2),,b650,,11530.00,1,11530.00,RUB,ok,,,,true,,,regard_2026-09-24.csv,23
2026-09-24,RU,Regard,mid,cooler,,cooler,ID-COOLING SE-224-XTS OEM,id-cooling se-224-xts,cooler,SE-224-XTS,2000.00,1,2000.00,RUB,ok,,,,true,,,regard_2026-09-24.csv,24
2026-09-24,RU,Regard,mid,psu,,psu,750W Formula VX-750 PLUS,,750w,VX-750,4360.00,1,4360.00,RUB,ok,,,,true,,,regard_2026-09-24.csv,25
2026-09-24,RU,Regard,mid,case,,case,Ginzzu A400 Black,,case,,1760.00,1,1760.00,RUB,ok,,,,true,,,regard_2026-09-24.csv,26
2026-09-24,RU,Regard,high,cpu,,cpu,AMD Ryzen 7 9800X3D OEM,amd ryzen 7 9800x3d oem,ryzen 7 9800x3d,,42100.00,1,42100.00,RUB,ok,,,,true,,,regard_2026-09-24.csv,27
2026-09-24,RU,Regard,high,gpu,,gpu,NVIDIA GeForce RTX 5080 MSI OC 16GB (RTX 5080 16G SHADOW 3X OC),,rtx 5080,,164990.00,1,164990.00,RUB,ok,,,,true,,,regard_2026-09-24.csv,28
2026-09-24,RU,Regard,high,ram,,ram,32GB DDR5 6000MHz Patriot Viper Xtreme 5 RGB Mpower (PVXR532G60C30KM) (2x16GB KIT),,32gb ddr5-6000,PVXR532G60C30KM,57990.00,1,57990.00,RUB,ok,,,,true,true,,regard_2026-09-24.csv,29
2026-09-24,RU,Regard,high,ssd,,ssd,2TB Samsung 990 PRO (MZ-V9P2T0BW),samsung 990 pro 2tb,2tb,MZ-V9P2T0BW,37990.00,1,37990.00,RUB,ok,,,,true,,,regard_2026-09-24.csv,30
2026-09-24,RU,Regard,high,motherboard,,motherboard,MSI PRO X870E-P WIFI,,x870e,X870E-P,26130.00,1,26130.00,RUB,ok,,,,true,,,regard_2026-09-24.csv,31
2026-09-24,RU,Regard,high,cooler,,cooler,Thermalright Peerless Assassin 120 SE,thermalright peerless assassin 120 se,cooler,,3590.00,1,3590.00,RUB,ok,,,,true,,,regard_2026-09-24.csv,32
2026-09-24,RU,Regard,high,psu,,psu,850W Formula FV-850BD,,850w,FV-850BD,4750.00,1,4750.00,RUB,ok,,,,true,,,regard_2026-09-24.csv,33
2026-09-24,RU,Regard,high,case,,case,Ginzzu A400 Black,,case,,1760.00,1,1760.00,RUB,ok,,,,true,,,regard_2026-09-24.csv,34
2026-09-24,US,Newegg,budget_am4,cpu,,cpu,"AMD Ryzen 5 5600 6-Core, 12-Thread Unlocked Desktop Processor with Wraith Stealth Cooler",amd ryzen 5 5600 box,ryzen 5 5600,,99.63,1,99.63,USD,ok,,,,true,,,newegg_2026-09-24.csv,2
2026-09-24,US,Newegg,budget_am4,gpu,,gpu,GIGABYTE Low Profile GeForce RTX 5050 8GB GDDR6 PCI Express 5.0 x8 Low Profile Graphics Card GV-N5050OC-8GL,,rtx 5050,GV-N5050OC-8GL,309.99,1,309.99,USD,ok,,,,true,,,newegg_2026-09-24.csv,3
2026-09-24,US,Newegg,budget_am4,ram,,ram,Silicon Power 16GB (2 x 8GB) DDR4 3200 (PC4 25600) 288-Pin XPOWER Turbine DDR4 SDRAM Desktop Memory Model SP016GXLZU320BDA,,16gb ddr4-3200,SP016GXLZU320BDA,109.79,1,109.79,USD,ok,,,,true,true,,newegg_2026-09-24.csv,4
2026-09-24,US,Newegg,budget_am4,ssd,,ssd,Western Digital WD Green SN350 NVMe M.2 2280 1TB PCI-Express 3.0 x4 Internal Solid State Drive (SSD) WDS100T3G0C,wd green sn350 1tb,1tb,WDS100T3G0C,114.99,1,114.99,USD,ok,,,,true,,,newegg_2026-09-24.csv,5
2026-09-24,US,Newegg,budget_am4,motherboard,,motherboard,"GIGABYTE A520M S2H mATX AM4 4+3 Phases Digital PWM, GIGABYTE Gaming GbE LAN, NVMe PCIe 3.0 x4 M.2, 3 Display Interfaces, Q-Flash Plus, RGB Fusion 2.0, Motherboard",,a520,,73.99,1,73.99,USD,ok,,,,true,,,newegg_2026-09-24.csv,6
2026-09-24,US,Newegg,budget_am4,cooler,,cooler,Thermaltake UX400 ARGB CPU Cooler; 4xØ6mm Copper Heatpipes; 120mm PWM Fan; 700~1800 RPM; Intel/AMD Compatible; Single Tower; 240W TDP; Black; CL-P142-AL12SW-A,thermaltake ux400,cooler,CL-P142-AL12SW-A,19.99,1,19.99,USD,ok,,,,true,,,newegg_2026-09-24.csv,7
2026-09-24,US,Newegg,budget_am4,psu,,psu,SEGOTEP 650W 80 Plus Gold Power Supply Non-Modular with 6+2 Pin Connectors PFC Protection and RoHS Compliance 120mm Silent Fan Gaming PSU Black (5 Years Warranty),,650w,,54.99,1,54.99,USD,ok,,,,true,,,newegg_2026-09-24.csv,8
2026-09-24,US,Newegg,budget_am4,case,,case,"matx case,itx case,High Airflow Micro ATX PC Case, Support MATX, Mini-ITX, Micro ATX case Slim with USB2.0x2 I/O Port, Black Without Fans",,case,,31.99,1,31.99,USD,ok,,,,true,,,newegg_2026-09-24.csv,9
2026-09-24,US,Newegg,budget_am5,cpu,,cpu,AMD Ryzen 5 7600 - Ryzen 5 7000 Series Zen 4 6-Core 3.8 GHz - Socket AM5 65W - AMD Radeon Graphics Processor - 100-100001015,,ryzen 5 7600,,108.21,1,108.21,USD,ok,,,,true,,,newegg_2026-09-24.csv,10
2026-09-24,US,Newegg,budget_am5,gpu,,gpu,"GIGABYTE GeForce RTX 5060 GAMING OC V2 8G Graphics Card, 8GB 128-bit GDDR7, PCIe 5.0 x8, WINDFORCE cooling system, GV-N5060GAMING OCV2-8GD Video Card",,rtx 5060,GV-N5060GAMING;OCV2-8GD,459.99,1,459.99,USD,ok,,,,true,,,newegg_2026-09-24.csv,11
2026-09-24,US,Newegg,budget_am5,ram,,ram,Team Group 16GB (2 x 8GB) 288-Pin PC RAM DDR5 6000 (PC5 48000) Memory Model FLBD516G6000HC38ADC01,,16gb ddr5-6000,FLBD516G6000HC38ADC01,239.99,1,239.99,USD,ok,,,,true,true,,newegg_2026-09-24.csv,12
2026-09-24,US,Newegg,budget_am5,ssd,,ssd,Micron 1TB NVMe 2400 M.2 TCG-Opal Client SSD Model (MTFDKBA1T0QFM-1BD15ABYYR),,1tb,MTFDKBA1T0QFM-1BD15ABYYR,120.00,1,120.00,USD,ok,,,,true,,,newegg_2026-09-24.csv,13
2026-09-24,US,Newegg,budget_am5,motherboard,,motherboard,MSI PRO B650M-B motherboard AMD B650 Socket AM5 micro ATX,,b650,B650M-B,95.06,1,95.06,USD,ok,,,,true,,,newegg_2026-09-24.csv,14
2026-09-24,US,Newegg,budget_am5,cooler,,cooler,Thermaltake UX400 ARGB CPU Cooler; 4xØ6mm Copper Heatpipes; 120mm PWM Fan; 700~1800 RPM; Intel/AMD Compatible; Single Tower; 240W TDP; Black; CL-P142-AL12SW-A,thermaltake ux400,cooler,CL-P142-AL12SW-A,19.99,1,19.99,USD,ok,,,,true,,,newegg_2026-09-24.csv,15
2026-09-24,US,Newegg,budget_am5,psu,,psu,SEGOTEP 650W 80 Plus Gold Power Supply Non-Modular with 6+2 Pin Connectors PFC Protection and RoHS Compliance 120mm Silent Fan Gaming PSU Black (5 Years Warranty),,650w,,54.99,1,54.99,USD,ok,,,,true,,,newegg_2026-09-24.csv,16
2026-09-24,US,Newegg,budget_am5,case,,case,"matx case,itx case,High Airflow Micro ATX PC Case, Support MATX, Mini-ITX, Micro ATX case Slim with USB2.0x2 I/O Port, Black Without Fans",,case,,31.99,1,31.99,USD,ok,,,,true,,,newegg_2026-09-24.csv,17
2026-09-24,US,Newegg,mid,cpu,,cpu,AMD Ryzen 5 9600X - Ryzen 5 9000 Series Granite Ridge (Zen 5) 6-Core 3.9 GHz Socket AM5 65W AMD Radeon Graphics Processor - 100-000001405,,ryzen 5 9600x,,194.99,1,194.99,USD,ok,,,,true,,,newegg_2026-09-24.csv,18
2026-09-24,US,Newegg,mid,gpu,,gpu,GIGABYTE Eagle GeForce RTX 5070 12GB GDDR7 PCI Express 5.0 ATX Graphics Card GV-N5070EAGLE OC-12GD,,rtx 5070,GV-N5070EAGLE;OC-12GD,829.99,1,829.99,USD,ok,,,,true,,,newegg_2026-09-24.csv,19
2026-09-24,US,Newegg,mid,ram,,ram,CORSAIR Vengeance RGB 32GB (2 x 16GB) 288-Pin PC RAM DDR5 6000 (PC5 48000) Custom Lab GBT Wood Desktop Memory Model CMH32GX5M2E6000Z36WGWL,,32gb ddr5-6000,CMH32GX5M2E6000Z36WGWL,439.99,1,439.99,USD,ok,,,,true,true,,newegg_2026-09-24.csv,20
2026-09-24,US,Newegg,mid,ssd,,ssd,Micron SSD 2500 PCIe Gen4 NVMe SSD QLC NAND 2TB M.2 MTFDKBA2T0QGN-1BN1AABYYR,,2tb,MTFDKBA2T0QGN-1BN1AABYYR,169.99,1,169.99,USD,ok,,,,true,,,newegg_2026-09-24.csv,21
2026-09-24,US,Newegg,mid,motherboard,,motherboard,"ASRock B650 PG LIGHTING AM5 ATX Motherboard, 4 slots DDR5, PCIE 4.0 x16,  3 M.2 slots,  2.5Gb Lan, 7.1 Nahimic Audio , Rear USB3.2 Gen2X2 Type_C ,  14+2+1 Power Phase, AMD CrossFire.",,b650,,123.62,1,123.62,USD,ok,,,,true,,,newegg_2026-09-24.csv,22
2026-09-24,US,Newegg,mid,cooler,,cooler,"JONSBO CR1000E BLACK 120MM Single Tower CPU Cooler , 4 Heatpipes Radiator , RGB, PWM Air Cooler Supports LGA1700,D-TDP:210W, Black",,cooler,,24.99,1,24.99,USD,ok,,,,true,,,newegg_2026-09-24.csv,23
2026-09-24,US,Newegg,mid,psu,,psu,be quiet! Pure Power 13 M 750W ATX 3.1 Power Supply | 80 Plus Gold Efficiency | PCIe 5.1 GPUs | Modular | BP026US,,750w,,89.90,1,89.90,USD,ok,,,,true,,,newegg_2026-09-24.csv,24
2026-09-24,US,Newegg,mid,case,,case,DIYPC DIY-V3-ATX Black USB3.0 ATX Mid Tower Computer Case w/ 1 x 120mm Fan x Rear (Pre-Installed),,case,DIY-V3-ATX,48.99,1,48.99,USD,ok,,,,true,,,newegg_2026-09-24.csv,25
2026-09-24,US,Newegg,high,cpu,,cpu,AMD Ryzen 7 9800X3D - Ryzen 7 9000 Series 8-Core Socket AM5 120W AMD Radeon Graphics Processor - 100-000001084 - OEM,amd ryzen 7 9800x3d oem,ryzen 7 9800x3d,,409.99,1,409.99,USD,ok,,,,true,,,newegg_2026-09-24.csv,26
2026-09-24,US,Newegg,high,gpu,,gpu,MSI INSPIRE GeForce RTX 5080 16GB GDDR7 PCI Express 5.0 Graphics Card RTX 5080 16G INSPIRE 3X OC,,rtx 5080,,1449.99,1,1449.99,USD,ok,,,,true,,,newegg_2026-09-24.csv,27
2026-09-24,US,Newegg,high,ram,,ram,CORSAIR Vengeance RGB 32GB (2 x 16GB) 288-Pin PC RAM DDR5 6000 (PC5 48000) Custom Lab GBT Wood Desktop Memory Model CMH32GX5M2E6000Z36WGWL,,32gb ddr5-6000,CMH32GX5M2E6000Z36WGWL,439.99,1,439.99,USD,ok,,,,true,true,,newegg_2026-09-24.csv,28
2026-09-24,US,Newegg,high,ssd,,ssd,"SAMSUNG 990 PRO 2TB, 3-bit MLC V-NAND, M.2 (2280), NVMe 2.0, R/W(Max) 7,450MB/s/6,900MB/s, 1,400K/1,550K IOPS, 1200TBW, 5 Years Warranty",samsung 990 pro 2tb,2tb,,429.50,1,429.50,USD,ok,,,,true,,,newegg_2026-09-24.csv,29
2026-09-24,US,Newegg,high,motherboard,,motherboard,ASRock X870 Challenger WiFi AM5 AMD X870 ATX Motherboard,,x870,,169.99,1,169.99,USD,ok,,,,true,,,newegg_2026-09-24.csv,30
2026-09-24,US,Newegg,high,cooler,,cooler,"Thermalright Peerless Assassin 120 SE CPU Air Cooler,6 Heat Pipes Aluminium Heatsink Cover, for Intel 1700/115X/1200, AMD AM4/AM5",thermalright peerless assassin 120 se,cooler,,47.90,1,47.90,USD,ok,,,,true,,,newegg_2026-09-24.csv,31
2026-09-24,US,Newegg,high,psu,,psu,"Segotep 850W Power Supply 2025 PCIe 5.1 & ATX 3.1 Gaming PSU 80 Plus Gold Full Modular Support NVIDIA RTX 20/30/40 Series & AMD GPU, 120mm Silent FDB Fan, 5 Year Warranty",,850w,,89.99,1,89.99,USD,ok,,,,true,,,newegg_2026-09-24.csv,32
2026-09-24,US,Newegg,high,case,,case,DIYPC DIY-V3-ATX Black USB3.0 ATX Mid Tower Computer Case w/ 1 x 120mm Fan x Rear (Pre-Installed),,case,DIY-V3-ATX,48.99,1,48.99,USD,ok,,,,true,,,newegg_2026-09-24.csv,33
2026-10-09,RU,Regard,budget_am4,cpu,,cpu,AMD Ryzen 5 5600 OEM,amd ryzen 5 5600 oem,ryzen 5 5600,,11610.00,1,11610.00,RUB,ok,new,https://www.regard.ru/product/418665/processor-amd-ryzen-5-5600-oem,2026-10-09T13:50:05+00:00,true,,,regard_2026-10-09.csv,2
2026-10-09,RU,Regard,budget_am4,gpu,,gpu,NVIDIA GeForce RTX 5050 Palit StormX OC 8GB (NE65050T19P1-GB2070F),,rtx 5050,NE65050T19P1-GB2070F,41300.00,1,41300.00,RUB,ok,new,https://www.regard.ru/product/749371/videokarta-nvidia-geforce-rtx-5050-palit-stormx-oc-8gb-ne65050t19p1-gb2070f,2026-10-09T13:50:12+00:00,true,,,regard_2026-10-09.csv,3
2026-10-09,RU,Regard,budget_am4,ram,kit,ram_kit,16GB DDR4 3200MHz Netac Shadow III (NTSHD4P32DP-16K) (2x8GB KIT),,16gb ddr4-3200,NTSHD4P32DP-16K,14040.00,1,14040.00,RUB,ok,new,https://www.regard.ru/product/757301/operativnaia-pamiat-16gb-ddr4-3200mhz-netac-shadow-iii-ntshd4p32dp-16k-2x8gb-kit,2026-10-09T13:50:25+00:00,false,true,alternative not selected: single is cheaper,regard_2026-10-09.csv,4
2026-10-09,RU,Regard,budget_am4,ram,single,ram_single,8GB DDR4 3200MHz ExeGate HiPower (EX293814RUS),,16gb ddr4-3200,EX293814RUS,6660.00,2,13320.00,RUB,ok,new,https://www.regard.ru/product/458188/operativnaia-pamiat-8gb-ddr4-3200mhz-exegate-hipower-ex293814rus,2026-10-09T13:50:33+00:00,true,true,cheapest of 2 alternatives meeting spec (others: kit 14040),regard_2026-10-09.csv,5
2026-10-09,RU,Regard,budget_am4,ssd,,ssd,1TB Patriot P220 (P220S1TB25),,1tb,P220S1TB25,11990.00,1,11990.00,RUB,ok,new,https://www.regard.ru/product/473845/nakopitel-ssd-1tb-patriot-p220-p220s1tb25,2026-10-09T13:50:52+00:00,true,,,regard_2026-10-09.csv,6
2026-10-09,RU,Regard,budget_am4,motherboard,,motherboard,ASUS PRO A520M-C II/CSM,,a520,A520M-C,4390.00,1,4390.00,RUB,ok,new,https://www.regard.ru/product/655150/materinskaia-plata-asus-pro-a520m-c-ii-csm,2026-10-09T13:51:00+00:00,true,,,regard_2026-10-09.csv,7
2026-10-09,RU,Regard,budget_am4,cooler,,cooler,ID-COOLING SE-902-SD V3,id-cooling se-902-sd v3,cooler,SE-902-SD,1030.00,1,1030.00,RUB,ok,new,https://www.regard.ru/product/79412/kuler-id-cooling-se-902-sd-v3,2026-10-09T13:51:06+00:00,true,,,regard_2026-10-09.csv,8
2026-10-09,RU,Regard,budget_am4,psu,,psu,450W Formula FV-450LT,,450w,FV-450LT,2730.00,1,2730.00,RUB,ok,new,https://www.regard.ru/product/779982/blok-pitaniia-450w-formula-fv-450lt,2026-10-09T13:51:23+00:00,true,,,regard_2026-10-09.csv,9
2026-10-09,RU,Regard,budget_am4,case,,case,ExeGate BAA-303 Black,,case,BAA-303,1490.00,1,1490.00,RUB,ok,new,https://www.regard.ru/product/719813/korpus-exegate-baa-303-black,2026-10-09T13:51:37+00:00,true,,,regard_2026-10-09.csv,10
2026-10-09,RU,Regard,budget_am5,cpu,,cpu,AMD Ryzen 5 7500F OEM,amd ryzen 5 7500f oem,ryzen 5 7500f,,13270.00,1,13270.00,RUB,ok,new,https://www.regard.ru/product/661697/processor-amd-ryzen-5-7500f-oem,2026-10-09T13:51:44+00:00,true,,,regard_2026-10-09.csv,11
2026-10-09,RU,Regard,budget_am5,gpu,,gpu,NVIDIA GeForce RTX 5060 Palit White OC 8GB (NE75060U19P1-GB2063M),,rtx 5060,NE75060U19P1-GB2063M,50960.00,1,50960.00,RUB,ok,new,https://www.regard.ru/product/750236/videokarta-nvidia-geforce-rtx-5060-palit-white-oc-8gb-ne75060u19p1-gb2063m,2026-10-09T13:51:56+00:00,true,,,regard_2026-10-09.csv,12
2026-10-09,RU,Regard,budget_am5,ram,,ram,16GB DDR5 6000MHz Kingston Fury Beast (KF560C30BBEK2-16) (2x8GB KIT),,16gb ddr5-6000,KF560C30BBEK2-16,37990.00,1,37990.00,RUB,ok,new,https://www.regard.ru/product/682519/operativnaia-pamiat-16gb-ddr5-6000mhz-kingston-fury-beast-kf560c30bbek2-16-2x8gb-kit,2026-10-09T13:52:03+00:00,true,true,,regard_2026-10-09.csv,13
2026-10-09,RU,Regard,budget_am5,ssd,,ssd,1TB MSI SPATIUM M461 (SPATIUM M461 PCIe 4.0 NVMe M.2 1TB),,1tb,,16970.00,1,16970.00,RUB,ok,new,https://www.regard.ru/product/484265/nakopitel-ssd-1tb-msi-spatium-m461-spatium-m461-pcie-40-nvme-m2-1tb,2026-10-09T13:52:10+00:00,true,,,regard_2026-10-09.csv,14
2026-10-09,RU,Regard,budget_am5,motherboard,,motherboard,ASUS PRIME B650M-R,,b650,B650M-R,9950.00,1,9950.00,RUB,ok,new,https://www.regard.ru/product/664976/materinskaia-plata-asus-prime-b650m-r,2026-10-09T13:52:22+00:00,true,,,regard_2026-10-09.csv,15
2026-10-09,RU,Regard,budget_am5,cooler,,cooler,ID-COOLING SE-902-SD V3,id-cooling se-902-sd v3,cooler,SE-902-SD,1030.00,1,1030.00,RUB,ok,new,https://www.regard.ru/product/79412/kuler-id-cooling-se-902-sd-v3,2026-10-09T13:52:29+00:00,true,,,regard_2026-10-09.csv,16
2026-10-09,RU,Regard,budget_am5,psu,,psu,650W Formula FV-650LT,,650w,FV-650LT,3000.00,1,3000.00,RUB,ok,new,https://www.regard.ru/product/779989/blok-pitaniia-650w-formula-fv-650lt,2026-10-09T13:52:38+00:00,true,,,regard_2026-10-09.csv,17
2026-10-09,RU,Regard,budget_am5,case,,case,ExeGate BAA-303 Black,,case,BAA-303,1490.00,1,1490.00,RUB,ok,new,https://www.regard.ru/product/719813/korpus-exegate-baa-303-black,2026-10-09T13:52:52+00:00,true,,,regard_2026-10-09.csv,18
2026-10-09,RU,Regard,mid,cpu,,cpu,AMD Ryzen 5 9600X OEM,amd ryzen 5 9600x oem,ryzen 5 9600x,,18350.00,1,18350.00,RUB,ok,new,https://www.regard.ru/product/703286/processor-amd-ryzen-5-9600x-oem,2026-10-09T13:52:59+00:00,true,,,regard_2026-10-09.csv,19
2026-10-09,RU,Regard,mid,gpu,,gpu,NVIDIA GeForce RTX 5070 Palit Infinity 3 12GB (NE75070019K9-GB2050S),,rtx 5070,NE75070019K9-GB2050S,93990.00,1,93990.00,RUB,ok,new,https://www.regard.ru/product/737606/videokarta-nvidia-geforce-rtx-5070-palit-infinity-3-12gb-ne75070019k9-gb2050s,2026-10-09T13:53:06+00:00,true,,,regard_2026-10-09.csv,20
2026-10-09,RU,Regard,mid,ram,,ram,32GB DDR5 6000MHz Patriot Viper Venom (PVV532G600C30K) (2x16GB KIT),,32gb ddr5-6000,PVV532G600C30K,58160.00,1,58160.00,RUB,ok,new,https://www.regard.ru/product/688836/operativnaia-pamiat-32gb-ddr5-6000mhz-patriot-viper-venom-pvv532g600c30k-2x16gb-kit,2026-10-09T13:53:18+00:00,true,true,,regard_2026-10-09.csv,21
2026-10-09,RU,Regard,mid,ssd,,ssd,2TB MSI SPATIUM M461 (SPATIUM M461 PCIe 4.0 NVMe M.2 2TB),,2tb,,26990.00,1,26990.00,RUB,ok,new,https://www.regard.ru/product/484267/nakopitel-ssd-2tb-msi-spatium-m461-spatium-m461-pcie-40-nvme-m2-2tb,2026-10-09T13:53:25+00:00,true,,,regard_2026-10-09.csv,22
2026-10-09,RU,Regard,mid,motherboard,,motherboard,Gigabyte B650 EAGLE (rev. 1.2),,b650,,11440.00,1,11440.00,RUB,ok,new,https://www.regard.ru/product/755401/materinskaia-plata-gigabyte-b650-eagle-rev-12,2026-10-09T13:53:32+00:00,true,,,regard_2026-10-09.csv,23
2026-10-09,RU,Regard,mid,cooler,,cooler,ID-COOLING SE-224-XTS OEM,id-cooling se-224-xts,cooler,SE-224-XTS,1840.00,1,1840.00,RUB,ok,new,https://www.regard.ru/product/766376/kuler-id-cooling-se-224-xts-oem,2026-10-09T13:53:39+00:00,true,,,regard_2026-10-09.csv,24
2026-10-09,RU,Regard,mid,psu,,psu,750W Formula FV-750LT,,750w,FV-750LT,4270.00,1,4270.00,RUB,ok,new,https://www.regard.ru/product/1057988/blok-pitaniia-750w-formula-fv-750lt,2026-10-09T13:53:48+00:00,true,,,regard_2026-10-09.csv,25
2026-10-09,RU,Regard,mid,case,,case,Ginzzu A400 Black,,case,,1760.00,1,1760.00,RUB,ok,new,https://www.regard.ru/product/700552/korpus-ginzzu-a400-black,2026-10-09T13:53:57+00:00,true,,,regard_2026-10-09.csv,26
2026-10-09,RU,Regard,high,cpu,,cpu,AMD Ryzen 7 9800X3D OEM,amd ryzen 7 9800x3d oem,ryzen 7 9800x3d,,42100.00,1,42100.00,RUB,ok,new,https://www.regard.ru/product/718588/processor-amd-ryzen-7-9800x3d-oem,2026-10-09T13:54:04+00:00,true,,,regard_2026-10-09.csv,27
2026-10-09,RU,Regard,high,gpu,,gpu,NVIDIA GeForce RTX 5080 Palit GamingPro 16GB (NE75080019T2-GB2031A),,rtx 5080,NE75080019T2-GB2031A,173990.00,1,173990.00,RUB,ok,new,https://www.regard.ru/product/725971/videokarta-nvidia-geforce-rtx-5080-palit-gamingpro-16gb-ne75080019t2-gb2031a,2026-10-09T13:54:11+00:00,true,,,regard_2026-10-09.csv,28
2026-10-09,RU,Regard,high,ram,,ram,32GB DDR5 6000MHz Patriot Viper Venom (PVV532G600C30K) (2x16GB KIT),,32gb ddr5-6000,PVV532G600C30K,58160.00,1,58160.00,RUB,ok,new,https://www.regard.ru/product/688836/operativnaia-pamiat-32gb-ddr5-6000mhz-patriot-viper-venom-pvv532g600c30k-2x16gb-kit,2026-10-09T13:54:24+00:00,true,true,,regard_2026-10-09.csv,29
2026-10-09,RU,Regard,high,ssd,,ssd,2TB Samsung 990 PRO (MZ-V9P2T0BW),samsung 990 pro 2tb,2tb,MZ-V9P2T0BW,37990.00,1,37990.00,RUB,ok,new,https://www.regard.ru/product/459279/nakopitel-ssd-2tb-samsung-990-pro-mz-v9p2t0bw,2026-10-09T13:54:30+00:00,true,,,regard_2026-10-09.csv,30
2026-10-09,RU,Regard,high,motherboard,,motherboard,,,,,,1,,RUB,not_found,,,2026-10-09T13:54:41+00:00,false,,not found at the shop: no listing passed the collector's checks,regard_2026-10-09.csv,31
2026-10-09,RU,Regard,high,cooler,,cooler,Thermalright Peerless Assassin 120 SE V3,thermalright peerless assassin 120 se v3,cooler,,3630.00,1,3630.00,RUB,ok,new,https://www.regard.ru/product/766959/kuler-thermalright-peerless-assassin-120-se-v3,2026-10-09T13:54:47+00:00,true,,,regard_2026-10-09.csv,32
2026-10-09,RU,Regard,high,psu,,psu,850W Formula FV-850BD,,850w,FV-850BD,4750.00,1,4750.00,RUB,ok,new,https://www.regard.ru/product/766101/blok-pitaniia-850w-formula-fv-850bd,2026-10-09T13:54:56+00:00,true,,,regard_2026-10-09.csv,33
2026-10-09,RU,Regard,high,case,,case,Ginzzu A400 Black,,case,,1760.00,1,1760.00,RUB,ok,new,https://www.regard.ru/product/700552/korpus-ginzzu-a400-black,2026-10-09T13:55:05+00:00,true,,,regard_2026-10-09.csv,34
2026-10-09,US,Newegg,budget_am4,cpu,,cpu,"AMD Ryzen 5 5600 - Ryzen 5 5000 Series Vermeer (Zen 3) 6-Core 3.5 GHz Socket AM4 65W Desktop Processor- OEM, No Box",amd ryzen 5 5600 oem,ryzen 5 5600,,125.99,1,125.99,USD,ok,new,https://www.newegg.com/p/274-000M-001T4?Item=9SIC7VBM152530,2026-10-09T13:50:01+00:00,true,,,newegg_2026-10-09.csv,2
2026-10-09,US,Newegg,budget_am4,gpu,,gpu,ZOTAC VESPERA OC HA GeForce RTX 5050 8GB GDDR6 PCI Express 5.0 x8 ATX Graphics Card GeForce RTX5050 8G VESPERA OC HA,,rtx 5050,,404.65,1,404.65,USD,ok,new,https://www.newegg.com/p/1FT-000M-00443?Item=9SIBTK0KSN3548,2026-10-09T13:50:04+00:00,true,,,newegg_2026-10-09.csv,3
2026-10-09,US,Newegg,budget_am4,ram,,ram,CORSAIR Vengeance LPX 16GB (2 x 8GB) DDR4 3200 (PC4 25600) Desktop Memory Model CMK16GX4M2D3200C16,,16gb ddr4-3200,CMK16GX4M2D3200C16,119.00,1,119.00,USD,ok,new,https://www.newegg.com/p/20-236-196?Item=9SIC9EGM7R5000,2026-10-09T13:50:13+00:00,true,true,,newegg_2026-10-09.csv,4
2026-10-09,US,Newegg,budget_am4,ssd,,ssd,"DATO 1TB SSD 2.5"" SATA III Internal Solid State Drive, 3D NAND, SLC Cache, Up to 535/500 MB/s, Compatible with Laptop & PC Desktop",,1tb,,115.99,1,115.99,USD,ok,new,https://www.newegg.com/p/0D9-0112-00008?Item=9SIC1WRKJM1898,2026-10-09T13:50:22+00:00,true,,,newegg_2026-10-09.csv,5
2026-10-09,US,Newegg,budget_am4,motherboard,,motherboard,ASRock A520M-HDV AM4 Micro ATX AMD Motherboard,,a520,A520M-HDV,70.98,1,70.98,USD,ok,new,https://www.newegg.com/p/13-157-958,2026-10-09T13:50:28+00:00,true,,,newegg_2026-10-09.csv,6
2026-10-09,US,Newegg,budget_am4,cooler,,cooler,Thermaltake UX400 ARGB CPU Cooler; 4xØ6mm Copper Heatpipes; 120mm PWM Fan; 700~1800 RPM; Intel/AMD Compatible; Single Tower; 240W TDP; Black; CL-P142-AL12SW-A,thermaltake ux400,cooler,CL-P142-AL12SW-A,11.99,1,11.99,USD,ok,new,https://www.newegg.com/p/35-106-787?Item=9SIA8EFKHY7251,2026-10-09T13:50:36+00:00,true,,,newegg_2026-10-09.csv,7
2026-10-09,US,Newegg,budget_am4,psu,,psu,"SAMA B650 650W ATX 3.1 Power Supply, Cybenetics Bronze Certified, PCIe 5.1 Ready 12V-2x6 (450W), APFC LLC + DC-DC Design, 120mm Silent Fan, Non-Modular Gaming PC PSU",,650w,,44.99,1,44.99,USD,ok,new,https://www.newegg.com/p/1HU-02S6-00078?Item=9SIB41TKTE2561,2026-10-09T13:50:44+00:00,true,,,newegg_2026-10-09.csv,8
2026-10-09,US,Newegg,budget_am4,case,,case,"Itx case with 2 * ARGB Fan, High Airflow Micro ATX PC case, Support MATX (Remove Fan), Mini ITX, Micro ATX case Slim with USB 3.0 (Black with Fan)",,case,,29.99,1,29.99,USD,ok,new,https://www.newegg.com/p/2AM-05KX-00003?Item=9SIC25VKN29072,2026-10-09T13:50:52+00:00,true,,,newegg_2026-10-09.csv,9
2026-10-09,US,Newegg,budget_am5,cpu,,cpu,AMD Ryzen 5 7600 - Ryzen 5 7000 Series Zen 4 6-Core 3.8 GHz - Socket AM5 65W - AMD Radeon Graphics Processor - 100-100001015,,ryzen 5 7600,,201.02,1,201.02,USD,ok,new,https://www.newegg.com/p/19-113-798?Item=9SIC6E1M4H6224,2026-10-09T13:50:56+00:00,true,,,newegg_2026-10-09.csv,10
2026-10-09,US,Newegg,budget_am5,gpu,,gpu,"GIGABYTE GeForce RTX 5060 GAMING OC V2 8G Graphics Card, 8GB 128-bit GDDR7, PCIe 5.0 x8, WINDFORCE cooling system, GV-N5060GAMING OCV2-8GD",,rtx 5060,GV-N5060GAMING;OCV2-8GD,459.99,1,459.99,USD,ok,new,https://www.newegg.com/p/14-932-828,2026-10-09T13:51:04+00:00,true,,,newegg_2026-10-09.csv,11
2026-10-09,US,Newegg,budget_am5,ram,,ram,Klevv 16GB (2 x 8GB) DDR5 6000 (PC5 48000) Desktop Memory Model KD58GU880-60A300F,,16gb ddr5-6000,KD58GU880-60A300F,256.99,1,256.99,USD,ok,new,https://www.newegg.com/p/20-101-094,2026-10-09T13:51:13+00:00,true,true,,newegg_2026-10-09.csv,12
2026-10-09,US,Newegg,budget_am5,ssd,,ssd,Micron 1TB NVMe 2400 M.2 TCG-Opal Client SSD Model (MTFDKBA1T0QFM-1BD15ABYYR),,1tb,MTFDKBA1T0QFM-1BD15ABYYR,120.00,1,120.00,USD,ok,new,https://www.newegg.com/p/0D9-000E-00314?Item=9SIAFXNKS80847,2026-10-09T13:51:21+00:00,true,,,newegg_2026-10-09.csv,13
2026-10-09,US,Newegg,budget_am5,motherboard,,motherboard,ASRock B650M Pro RS WiFi AM5 Micro ATX Motherboard,,b650,,99.99,1,99.99,USD,ok,new,https://www.newegg.com/p/13-162-131,2026-10-09T13:51:29+00:00,true,,,newegg_2026-10-09.csv,14
2026-10-09,US,Newegg,budget_am5,cooler,,cooler,Thermaltake UX400 ARGB CPU Cooler; 4xØ6mm Copper Heatpipes; 120mm PWM Fan; 700~1800 RPM; Intel/AMD Compatible; Single Tower; 240W TDP; Black; CL-P142-AL12SW-A,thermaltake ux400,cooler,CL-P142-AL12SW-A,11.99,1,11.99,USD,ok,new,https://www.newegg.com/p/35-106-787?Item=9SIA8EFKHY7251,2026-10-09T13:51:36+00:00,true,,,newegg_2026-10-09.csv,15
2026-10-09,US,Newegg,budget_am5,psu,,psu,"SAMA B650 650W ATX 3.1 Power Supply, Cybenetics Bronze Certified, PCIe 5.1 Ready 12V-2x6 (450W), APFC LLC + DC-DC Design, 120mm Silent Fan, Non-Modular Gaming PC PSU",,650w,,44.99,1,44.99,USD,ok,new,https://www.newegg.com/p/1HU-02S6-00078?Item=9SIB41TKTE2561,2026-10-09T13:51:42+00:00,true,,,newegg_2026-10-09.csv,16
2026-10-09,US,Newegg,budget_am5,case,,case,"Itx case with 2 * ARGB Fan, High Airflow Micro ATX PC case, Support MATX (Remove Fan), Mini ITX, Micro ATX case Slim with USB 3.0 (Black with Fan)",,case,,29.99,1,29.99,USD,ok,new,https://www.newegg.com/p/2AM-05KX-00003?Item=9SIC25VKN29072,2026-10-09T13:51:50+00:00,true,,,newegg_2026-10-09.csv,17
2026-10-09,US,Newegg,mid,cpu,,cpu,AMD Ryzen 5 9600X - Ryzen 5 9000 Series Granite Ridge (Zen 5) 6-Core 3.9 GHz Socket AM5 65W AMD Radeon Graphics Processor - 100-000001405,,ryzen 5 9600x,,194.99,1,194.99,USD,ok,new,https://www.newegg.com/p/19-113-898?Item=9SIC3U3KN44542,2026-10-09T13:51:54+00:00,true,,,newegg_2026-10-09.csv,18
2026-10-09,US,Newegg,mid,gpu,,gpu,ZOTAC GAMING GeForce RTX 5070 SOLID OC 12GB GDDR7 ZT-B50700J-10A,,rtx 5070,ZT-B50700J-10A,829.99,1,829.99,USD,ok,new,https://www.newegg.com/p/14-500-654,2026-10-09T13:52:02+00:00,true,,,newegg_2026-10-09.csv,19
2026-10-09,US,Newegg,mid,ram,,ram,Patriot Viper Venom 32GB (2 x 16GB) 288-Pin PC RAM DDR5 6000 (PC5 48000) AMD EXPO Desktop Memory Model PVV532G600C36K,,32gb ddr5-6000,PVV532G600C36K,459.99,1,459.99,USD,ok,new,https://www.newegg.com/p/20-225-430,2026-10-09T13:52:11+00:00,true,true,,newegg_2026-10-09.csv,20
2026-10-09,US,Newegg,mid,ssd,,ssd,ADATA LEGEND 710 M.2 2280 2TB PCI-Express 3.0 x4 3D NAND Internal Solid State Drive (SSD) ALEG-710-2TCS,,2tb,ALEG-710-2TCS,219.99,1,219.99,USD,ok,new,https://www.newegg.com/p/20-215-490,2026-10-09T13:52:20+00:00,true,,,newegg_2026-10-09.csv,21
2026-10-09,US,Newegg,mid,motherboard,,motherboard,MSI B650 GAMING PLUS WIFI AM5 AMD B650 SATA 6Gb/s ATX Motherboard,,b650,,116.00,1,116.00,USD,ok,new,https://www.newegg.com/p/13-144-628?Item=9SIC80CM2X9923,2026-10-09T13:52:28+00:00,true,,,newegg_2026-10-09.csv,22
2026-10-09,US,Newegg,mid,cooler,,cooler,Thermaltake UX400 ARGB CPU Cooler; 4xØ6mm Copper Heatpipes; 120mm PWM Fan; 700~1800 RPM; Intel/AMD Compatible; Single Tower; 240W TDP; Black; CL-P142-AL12SW-A,thermaltake ux400,cooler,CL-P142-AL12SW-A,11.99,1,11.99,USD,ok,new,https://www.newegg.com/p/35-106-787?Item=9SIA8EFKHY7251,2026-10-09T13:52:36+00:00,true,,,newegg_2026-10-09.csv,23
2026-10-09,US,Newegg,mid,psu,,psu,"SAMA B750 750W ATX 3.1 Power Supply, Cybenetics Bronze Certified, PCIe 5.1 Ready 12V-2x6 (450W), APFC LLC + DC-DC Design, 120mm Silent Fan, Non-Modular Gaming PC PSU",,750w,,49.99,1,49.99,USD,ok,new,https://www.newegg.com/p/1HU-02S6-00080?Item=9SIB41TKTE2563,2026-10-09T13:52:45+00:00,true,,,newegg_2026-10-09.csv,24
2026-10-09,US,Newegg,mid,case,,case,DIYPC DIY-V3-ATX Black USB3.0 ATX Mid Tower Computer Case w/ 1 x 120mm Fan x Rear (Pre-Installed),,case,DIY-V3-ATX,35.98,1,35.98,USD,ok,new,https://www.newegg.com/p/11-353-299,2026-10-09T13:52:54+00:00,true,,,newegg_2026-10-09.csv,25
2026-10-09,US,Newegg,high,cpu,,cpu,AMD Ryzen 7 9800X3D - Ryzen 7 9000 Series 8-Core Socket AM5 120W AMD Radeon Graphics Processor - 100-000001084 - OEM,amd ryzen 7 9800x3d oem,ryzen 7 9800x3d,,409.99,1,409.99,USD,ok,new,https://www.newegg.com/p/19-113-876?Item=9SIC3U3KN45532,2026-10-09T13:52:58+00:00,true,,,newegg_2026-10-09.csv,26
2026-10-09,US,Newegg,high,gpu,,gpu,ASUS PRIME GeForce RTX 5080 16GB 256-Bit GDDR7 PCI-Express 5.0 DLSS 4.0 Graphics Card PRIME-RTX5080-16G,,rtx 5080,PRIME-RTX5080-16G,1599.99,1,1599.99,USD,ok,new,https://www.newegg.com/p/14-126-776,2026-10-09T13:53:06+00:00,true,,,newegg_2026-10-09.csv,27
2026-10-09,US,Newegg,high,ram,,ram,Klevv 32GB (2 x 16GB) DDR5 6000 (PC5 48000) Desktop Memory Model KD5AGU880-60A300L,,32gb ddr5-6000,KD5AGU880-60A300L,472.99,1,472.99,USD,ok,new,https://www.newegg.com/p/20-101-113,2026-10-09T13:53:14+00:00,true,true,,newegg_2026-10-09.csv,28
2026-10-09,US,Newegg,high,ssd,,ssd,"SAMSUNG Samsung 990 PRO 2TB, 3-bit MLC V-NAND, M.2 (2280), NVMe 2.0, R/W(Max) 7,450MB/s/6,900MB/s, 1,400K/1,550K IOPS, 1200TBW, 5 Years Warranty",samsung 990 pro 2tb,2tb,,499.50,1,499.50,USD,ok,new,https://www.newegg.com/p/2RC-0034-00AY6?Item=9SIA12KKHH1042,2026-10-09T13:53:18+00:00,true,,,newegg_2026-10-09.csv,29
2026-10-09,US,Newegg,high,motherboard,,motherboard,ASRock X870 PRO RS WiFi AM5 ATX Motherboard,,x870,,159.99,1,159.99,USD,ok,new,https://www.newegg.com/p/13-162-167,2026-10-09T13:53:26+00:00,true,,,newegg_2026-10-09.csv,30
2026-10-09,US,Newegg,high,cooler,,cooler,"Thermalright Peerless Assassin 120 SE CPU Air Cooler,6 Heat Pipes Aluminium Heatsink Cover, for Intel 1700/115X/1200, AMD AM4/AM5",thermalright peerless assassin 120 se,cooler,,47.90,1,47.90,USD,ok,new,https://www.newegg.com/p/13C-000Y-000J2?Item=9SIBVHXK8D7529,2026-10-09T13:53:30+00:00,true,,,newegg_2026-10-09.csv,31
2026-10-09,US,Newegg,high,psu,,psu,"SAMA B850 850W ATX 3.1 Power Supply, Cybenetics Bronze Certified, PCIe 5.1 Ready 12V-2x6 (450W), APFC LLC + DC-DC Design, 120mm Silent Fan, Non-Modular Gaming PC PSU",,850w,,54.99,1,54.99,USD,ok,new,https://www.newegg.com/p/1HU-02S6-00079?Item=9SIB41TKTE2564,2026-10-09T13:53:38+00:00,true,,,newegg_2026-10-09.csv,32
2026-10-09,US,Newegg,high,case,,case,DIYPC DIY-V3-ATX Black USB3.0 ATX Mid Tower Computer Case w/ 1 x 120mm Fan x Rear (Pre-Installed),,case,DIY-V3-ATX,35.98,1,35.98,USD,ok,new,https://www.newegg.com/p/11-353-299,2026-10-09T13:53:46+00:00,true,,,newegg_2026-10-09.csv,33
