snapshot_date,build,component,match_type,checked_params,ru_retailer,ru_sku,ru_qty,ru_rub,ru_spec,us_retailer,us_sku,us_qty,us_usd,us_rub,us_spec,ru_premium
2026-09-24,budget_am4,cpu,analogous,модель процессора,DNS,Процессор AMD Ryzen 5 5600 OEM,1,11999.00,ryzen 5 5600,Newegg,"AMD Ryzen 5 5600 6-Core, 12-Thread Unlocked Desktop Processor with Wraith Stealth Cooler",1,99.63,8408.46,ryzen 5 5600,0.4270
2026-09-24,budget_am4,gpu,analogous,чип видеокарты,DNS,Видеокарта MSI GeForce RTX 5050 SHADOW 2X OC,1,39499.00,rtx 5050,Newegg,GIGABYTE Low Profile GeForce RTX 5050 8GB GDDR6 PCI Express 5.0 x8 Low Profile Graphics Card GV-N5050OC-8GL,1,309.99,26162.20,rtx 5050,0.5098
2026-09-24,budget_am4,ram,unverified,"общий объём, тип DDR, частота",DNS,Оперативная память Digma DGMAD43200016D 16 ГБ,1,12599.00,,Newegg,Silicon Power 16GB (2 x 8GB) DDR4 3200 (PC4 25600) 288-Pin XPOWER Turbine DDR4 SDRAM Desktop Memory Model SP016GXLZU320BDA,1,109.79,9265.94,16gb ddr4-3200,0.3597
2026-09-24,budget_am4,ssd,analogous,объём,DNS,"1024 ГБ 2.5"" SATA накопитель DEXP C100",1,10999.00,1tb,Newegg,Western Digital WD Green SN350 NVMe M.2 2280 1TB PCI-Express 3.0 x4 Internal Solid State Drive (SSD) WDS100T3G0C,1,114.99,9704.80,1tb,0.1334
2026-09-24,budget_am4,motherboard,analogous,чипсет,DNS,Материнская плата MSI PRO A520M-S,1,4599.00,a520,Newegg,"GIGABYTE A520M S2H mATX AM4 4+3 Phases Digital PWM, GIGABYTE Gaming GbE LAN, NVMe PCIe 3.0 x4 M.2, 3 Display Interfaces, Q-Flash Plus, RGB Fusion 2.0, Motherboard",1,73.99,6244.53,a520,-0.2635
2026-09-24,budget_am4,cooler,analogous,не проверяется,DNS,Кулер для процессора ID-COOLING SE-902-SD V3,1,850.00,cooler,Newegg,Thermaltake UX400 ARGB CPU Cooler; 4xØ6mm Copper Heatpipes; 120mm PWM Fan; 700~1800 RPM; Intel/AMD Compatible; Single Tower; 240W TDP; Black; CL-P142-AL12SW-A,1,19.99,1687.09,cooler,-0.4962
2026-09-24,budget_am4,psu,different_spec,мощность,DNS,Блок питания Formula ECO-500W,1,2299.00,500w,Newegg,SEGOTEP 650W 80 Plus Gold Power Supply Non-Modular with 6+2 Pin Connectors PFC Protection and RoHS Compliance 120mm Silent Fan Gaming PSU Black (5 Years Warranty),1,54.99,4640.99,650w,-0.5046
2026-09-24,budget_am4,case,analogous,не проверяется,DNS,Корпус ExeGate BAA-109U2,1,1450.00,case,Newegg,"matx case,itx case,High Airflow Micro ATX PC Case, Support MATX, Mini-ITX, Micro ATX case Slim with USB2.0x2 I/O Port, Black Without Fans",1,31.99,2699.86,case,-0.4629
2026-09-24,budget_am4,cpu,analogous,модель процессора,Regard,AMD Ryzen 5 5600 OEM,1,11550.00,ryzen 5 5600,Newegg,"AMD Ryzen 5 5600 6-Core, 12-Thread Unlocked Desktop Processor with Wraith Stealth Cooler",1,99.63,8408.46,ryzen 5 5600,0.3736
2026-09-24,budget_am4,gpu,analogous,чип видеокарты,Regard,NVIDIA GeForce RTX 5050 AFOX 8GB (AF5050-8GD6H7-V2),1,44480.00,rtx 5050,Newegg,GIGABYTE Low Profile GeForce RTX 5050 8GB GDDR6 PCI Express 5.0 x8 Low Profile Graphics Card GV-N5050OC-8GL,1,309.99,26162.20,rtx 5050,0.7002
2026-09-24,budget_am4,ram,analogous,"общий объём, тип DDR, частота",Regard,8GB DDR4 3200MHz ExeGate Value (EX293813RUS),2,11880.00,16gb ddr4-3200,Newegg,Silicon Power 16GB (2 x 8GB) DDR4 3200 (PC4 25600) 288-Pin XPOWER Turbine DDR4 SDRAM Desktop Memory Model SP016GXLZU320BDA,1,109.79,9265.94,16gb ddr4-3200,0.2821
2026-09-24,budget_am4,ssd,analogous,объём,Regard,1TB Indilinx (IND-S325S001TX),1,11950.00,1tb,Newegg,Western Digital WD Green SN350 NVMe M.2 2280 1TB PCI-Express 3.0 x4 Internal Solid State Drive (SSD) WDS100T3G0C,1,114.99,9704.80,1tb,0.2313
2026-09-24,budget_am4,motherboard,analogous,чипсет,Regard,Biostar A520MHP 2.0,1,5280.00,a520,Newegg,"GIGABYTE A520M S2H mATX AM4 4+3 Phases Digital PWM, GIGABYTE Gaming GbE LAN, NVMe PCIe 3.0 x4 M.2, 3 Display Interfaces, Q-Flash Plus, RGB Fusion 2.0, Motherboard",1,73.99,6244.53,a520,-0.1545
2026-09-24,budget_am4,cooler,analogous,не проверяется,Regard,ID-COOLING SE-902-SD V3,1,1030.00,cooler,Newegg,Thermaltake UX400 ARGB CPU Cooler; 4xØ6mm Copper Heatpipes; 120mm PWM Fan; 700~1800 RPM; Intel/AMD Compatible; Single Tower; 240W TDP; Black; CL-P142-AL12SW-A,1,19.99,1687.09,cooler,-0.3895
2026-09-24,budget_am4,psu,different_spec,мощность,Regard,500W Formula FV-500WD,1,2800.00,500w,Newegg,SEGOTEP 650W 80 Plus Gold Power Supply Non-Modular with 6+2 Pin Connectors PFC Protection and RoHS Compliance 120mm Silent Fan Gaming PSU Black (5 Years Warranty),1,54.99,4640.99,650w,-0.3967
2026-09-24,budget_am4,case,analogous,не проверяется,Regard,ExeGate BAA-503 Black,1,1290.00,case,Newegg,"matx case,itx case,High Airflow Micro ATX PC Case, Support MATX, Mini-ITX, Micro ATX case Slim with USB2.0x2 I/O Port, Black Without Fans",1,31.99,2699.86,case,-0.5222
2026-09-24,budget_am5,cpu,different_spec,модель процессора,Regard,AMD Ryzen 5 7500F OEM,1,13300.00,ryzen 5 7500f,Newegg,AMD Ryzen 5 7600 - Ryzen 5 7000 Series Zen 4 6-Core 3.8 GHz - Socket AM5 65W - AMD Radeon Graphics Processor - 100-100001015,1,108.21,9132.59,ryzen 5 7600,0.4563
2026-09-24,budget_am5,gpu,analogous,чип видеокарты,Regard,NVIDIA GeForce RTX 5060 Gigabyte WINDFORCE OC 8GB (GV-N5060WF2OC-8GD),1,50990.00,rtx 5060,Newegg,"GIGABYTE GeForce RTX 5060 GAMING OC V2 8G Graphics Card, 8GB 128-bit GDDR7, PCIe 5.0 x8, WINDFORCE cooling system, GV-N5060GAMING OCV2-8GD Video Card",1,459.99,38821.73,rtx 5060,0.3134
2026-09-24,budget_am5,ram,analogous,"общий объём, тип DDR, частота",Regard,16GB DDR5 6000MHz Kingston Fury Beast (KF560C30BBEK2-16) (2x8GB KIT),1,35990.00,16gb ddr5-6000,Newegg,Team Group 16GB (2 x 8GB) 288-Pin PC RAM DDR5 6000 (PC5 48000) Memory Model FLBD516G6000HC38ADC01,1,239.99,20254.41,16gb ddr5-6000,0.7769
2026-09-24,budget_am5,ssd,analogous,объём,Regard,1TB MSI SPATIUM M461 (SPATIUM M461 PCIe 4.0 NVMe M.2 1TB),1,16970.00,1tb,Newegg,Micron 1TB NVMe 2400 M.2 TCG-Opal Client SSD Model (MTFDKBA1T0QFM-1BD15ABYYR),1,120.00,10127.63,1tb,0.6756
2026-09-24,budget_am5,motherboard,analogous,чипсет,Regard,ASUS PRIME B650M-R,1,9620.00,b650,Newegg,MSI PRO B650M-B motherboard AMD B650 Socket AM5 micro ATX,1,95.06,8022.77,b650,0.1991
2026-09-24,budget_am5,cooler,analogous,не проверяется,Regard,ID-COOLING SE-902-SD V3,1,1030.00,cooler,Newegg,Thermaltake UX400 ARGB CPU Cooler; 4xØ6mm Copper Heatpipes; 120mm PWM Fan; 700~1800 RPM; Intel/AMD Compatible; Single Tower; 240W TDP; Black; CL-P142-AL12SW-A,1,19.99,1687.09,cooler,-0.3895
2026-09-24,budget_am5,psu,analogous,мощность,Regard,650W Formula FV-650LT,1,3000.00,650w,Newegg,SEGOTEP 650W 80 Plus Gold Power Supply Non-Modular with 6+2 Pin Connectors PFC Protection and RoHS Compliance 120mm Silent Fan Gaming PSU Black (5 Years Warranty),1,54.99,4640.99,650w,-0.3536
2026-09-24,budget_am5,case,analogous,не проверяется,Regard,ExeGate BAA-503 Black,1,1290.00,case,Newegg,"matx case,itx case,High Airflow Micro ATX PC Case, Support MATX, Mini-ITX, Micro ATX case Slim with USB2.0x2 I/O Port, Black Without Fans",1,31.99,2699.86,case,-0.5222
2026-09-24,mid,cpu,analogous,модель процессора,Regard,AMD Ryzen 5 9600X OEM,1,18190.00,ryzen 5 9600x,Newegg,AMD Ryzen 5 9600X - Ryzen 5 9000 Series Granite Ridge (Zen 5) 6-Core 3.9 GHz Socket AM5 65W AMD Radeon Graphics Processor - 100-000001405,1,194.99,16456.55,ryzen 5 9600x,0.1053
2026-09-24,mid,gpu,analogous,чип видеокарты,Regard,NVIDIA GeForce RTX 5070 Palit Infinity 3 12GB (NE75070019K9-GB2050S),1,89990.00,rtx 5070,Newegg,GIGABYTE Eagle GeForce RTX 5070 12GB GDDR7 PCI Express 5.0 ATX Graphics Card GV-N5070EAGLE OC-12GD,1,829.99,70048.58,rtx 5070,0.2847
2026-09-24,mid,ram,analogous,"общий объём, тип DDR, частота",Regard,32GB DDR5 6000MHz Netac Shadow III (NTSHD5P60DP-32KC) (2x16GB KIT),1,51260.00,32gb ddr5-6000,Newegg,CORSAIR Vengeance RGB 32GB (2 x 16GB) 288-Pin PC RAM DDR5 6000 (PC5 48000) Custom Lab GBT Wood Desktop Memory Model CMH32GX5M2E6000Z36WGWL,1,439.99,37133.79,32gb ddr5-6000,0.3804
2026-09-24,mid,ssd,analogous,объём,Regard,2TB MSI SPATIUM M461 (SPATIUM M461 PCIe 4.0 NVMe M.2 2TB),1,27320.00,2tb,Newegg,Micron SSD 2500 PCIe Gen4 NVMe SSD QLC NAND 2TB M.2 MTFDKBA2T0QGN-1BN1AABYYR,1,169.99,14346.63,2tb,0.9043
2026-09-24,mid,motherboard,analogous,чипсет,Regard,Gigabyte B650 EAGLE (rev. 1.2),1,11530.00,b650,Newegg,"ASRock B650 PG LIGHTING AM5 ATX Motherboard, 4 slots DDR5, PCIE 4.0 x16,  3 M.2 slots,  2.5Gb Lan, 7.1 Nahimic Audio , Rear USB3.2 Gen2X2 Type_C ,  14+2+1 Power Phase, AMD CrossFire.",1,123.62,10433.14,b650,0.1051
2026-09-24,mid,cooler,analogous,не проверяется,Regard,ID-COOLING SE-224-XTS OEM,1,2000.00,cooler,Newegg,"JONSBO CR1000E BLACK 120MM Single Tower CPU Cooler , 4 Heatpipes Radiator , RGB, PWM Air Cooler Supports LGA1700,D-TDP:210W, Black",1,24.99,2109.08,cooler,-0.0517
2026-09-24,mid,psu,analogous,мощность,Regard,750W Formula VX-750 PLUS,1,4360.00,750w,Newegg,be quiet! Pure Power 13 M 750W ATX 3.1 Power Supply | 80 Plus Gold Efficiency | PCIe 5.1 GPUs | Modular | BP026US,1,89.90,7587.28,750w,-0.4254
2026-09-24,mid,case,analogous,не проверяется,Regard,Ginzzu A400 Black,1,1760.00,case,Newegg,DIYPC DIY-V3-ATX Black USB3.0 ATX Mid Tower Computer Case w/ 1 x 120mm Fan x Rear (Pre-Installed),1,48.99,4134.60,case,-0.5743
2026-09-24,high,cpu,same_sku,модель процессора,Regard,AMD Ryzen 7 9800X3D OEM,1,42100.00,ryzen 7 9800x3d,Newegg,AMD Ryzen 7 9800X3D - Ryzen 7 9000 Series 8-Core Socket AM5 120W AMD Radeon Graphics Processor - 100-000001084 - OEM,1,409.99,34601.89,ryzen 7 9800x3d,0.2167
2026-09-24,high,gpu,analogous,чип видеокарты,Regard,NVIDIA GeForce RTX 5080 MSI OC 16GB (RTX 5080 16G SHADOW 3X OC),1,164990.00,rtx 5080,Newegg,MSI INSPIRE GeForce RTX 5080 16GB GDDR7 PCI Express 5.0 Graphics Card RTX 5080 16G INSPIRE 3X OC,1,1449.99,122374.66,rtx 5080,0.3482
2026-09-24,high,ram,analogous,"общий объём, тип DDR, частота",Regard,32GB DDR5 6000MHz Patriot Viper Xtreme 5 RGB Mpower (PVXR532G60C30KM) (2x16GB KIT),1,57990.00,32gb ddr5-6000,Newegg,CORSAIR Vengeance RGB 32GB (2 x 16GB) 288-Pin PC RAM DDR5 6000 (PC5 48000) Custom Lab GBT Wood Desktop Memory Model CMH32GX5M2E6000Z36WGWL,1,439.99,37133.79,32gb ddr5-6000,0.5617
2026-09-24,high,ssd,same_sku,объём,Regard,2TB Samsung 990 PRO (MZ-V9P2T0BW),1,37990.00,2tb,Newegg,"SAMSUNG 990 PRO 2TB, 3-bit MLC V-NAND, M.2 (2280), NVMe 2.0, R/W(Max) 7,450MB/s/6,900MB/s, 1,400K/1,550K IOPS, 1200TBW, 5 Years Warranty",1,429.50,36248.47,2tb,0.0480
2026-09-24,high,motherboard,different_spec,чипсет,Regard,MSI PRO X870E-P WIFI,1,26130.00,x870e,Newegg,ASRock X870 Challenger WiFi AM5 AMD X870 ATX Motherboard,1,169.99,14346.63,x870,0.8213
2026-09-24,high,cooler,same_sku,не проверяется,Regard,Thermalright Peerless Assassin 120 SE,1,3590.00,cooler,Newegg,"Thermalright Peerless Assassin 120 SE CPU Air Cooler,6 Heat Pipes Aluminium Heatsink Cover, for Intel 1700/115X/1200, AMD AM4/AM5",1,47.90,4042.61,cooler,-0.1120
2026-09-24,high,psu,analogous,мощность,Regard,850W Formula FV-850BD,1,4750.00,850w,Newegg,"Segotep 850W Power Supply 2025 PCIe 5.1 & ATX 3.1 Gaming PSU 80 Plus Gold Full Modular Support NVIDIA RTX 20/30/40 Series & AMD GPU, 120mm Silent FDB Fan, 5 Year Warranty",1,89.99,7594.88,850w,-0.3746
2026-09-24,high,case,analogous,не проверяется,Regard,Ginzzu A400 Black,1,1760.00,case,Newegg,DIYPC DIY-V3-ATX Black USB3.0 ATX Mid Tower Computer Case w/ 1 x 120mm Fan x Rear (Pre-Installed),1,48.99,4134.60,case,-0.5743
