month,snapshot,product_id,component,sku,price,in_stock,currency
2024-12,20241204102035,418665,cpu,AMD Ryzen 5 5600 OEM,10850,True,RUB
2025-01,20250105060836,418665,cpu,AMD Ryzen 5 5600 OEM,10490,True,RUB
2025-05,20250504040828,418665,cpu,AMD Ryzen 5 5600 OEM,8720,True,RUB
2025-12,20251212024913,418665,cpu,AMD Ryzen 5 5600 OEM,11490,True,RUB
2025-08,20250806000947,379419,motherboard,MSI A520M-A PRO,4870,True,RUB
2025-11,20251117095322,379419,motherboard,MSI A520M-A PRO,5200,True,RUB
2025-11,20251117103843,379419,motherboard,MSI A520M-A PRO,5200,True,RUB
2024-02,20240214122933,395207,ram_ddr4,Kingston Fury Beast 16GB (2x8) DDR4-3200,4920,True,RUB
2025-07,20250728181541,395207,ram_ddr4,Kingston Fury Beast 16GB (2x8) DDR4-3200,5270,True,RUB
2025-08,20250805235942,395207,ram_ddr4,Kingston Fury Beast 16GB (2x8) DDR4-3200,5270,True,RUB
2026-01,20260125062454,395207,ram_ddr4,Kingston Fury Beast 16GB (2x8) DDR4-3200,17990,True,RUB
2026-01,20260125070035,395207,ram_ddr4,Kingston Fury Beast 16GB (2x8) DDR4-3200,17990,True,RUB
2025-01,20250118053706,326504,ram_ddr4,Kingston ValueRAM 8GB DDR4-3200,2680,True,RUB
2025-05,20250525021813,326504,ram_ddr4,Kingston ValueRAM 8GB DDR4-3200,2050,True,RUB
2024-04,20240404024709,7435,ram_ddr5,Kingston Fury Beast 16GB (2x8) DDR5-5600,9420,True,RUB
2026-04,20260421191005,7435,ram_ddr5,Kingston Fury Beast 16GB (2x8) DDR5-5600,25990,True,RUB
2025-07,20250720050344,339527,ssd_sata,Crucial BX500 1TB,6640,True,RUB
2025-08,20250820105708,339527,ssd_sata,Crucial BX500 1TB,6410,True,RUB
2025-07,20250729084131,384716,ssd_nvme,Samsung 980 1TB,9220,True,RUB
2025-08,20250827080501,384716,ssd_nvme,Samsung 980 1TB,10130,True,RUB
2025-10,20251004024519,384716,ssd_nvme,Samsung 980 1TB,10340,True,RUB
2024-09,20240921093916,384716,ssd_nvme,Samsung 980 1TB,10290,True,RUB
2025-11,20251117101549,699695,ssd_nvme,Kingston NV3 1TB,7000,True,RUB
2025-11,20251117100805,699695,ssd_nvme,Kingston NV3 1TB,7000,True,RUB
2026-06,20260614230543,699695,ssd_nvme,Kingston NV3 1TB,13490,True,RUB
2025-12,20251206100919,10398,gpu,ASUS Dual RTX 3050 8GB,22930,True,RUB
2024-10,20241011141037,9720,gpu,Palit Dual RTX 4060 8GB,35930,True,RUB
2024-12,20241204102612,9720,gpu,Palit Dual RTX 4060 8GB,41520,True,RUB
2025-08,20250814091411,9720,gpu,Palit Dual RTX 4060 8GB,34700,False,RUB
2026-04,20260412233330,746540,gpu,MSI Ventus 2X OC RTX 5050 8GB,29730,True,RUB
2024-07,20240714091658,421781,psu,DeepCool PF500,3890,True,RUB
2025-02,20250215135455,421781,psu,DeepCool PF500,4210,True,RUB
2025-06,20250629180458,421781,psu,DeepCool PF500,3520,True,RUB
2026-04,20260421193701,421781,psu,DeepCool PF500,3380,True,RUB
2024-07,20240726210256,421781,psu,DeepCool PF500,4110,True,RUB
2026-04,20260421202033,421781,psu,DeepCool PF500,3380,True,RUB
2025-12,20251215110302,379419,motherboard,MSI A520M-A PRO,5870,True,RUB
2026-02,20260218110949,379419,motherboard,MSI A520M-A PRO,5810,True,RUB
2026-09,20260904163546,379419,motherboard,MSI A520M-A PRO,5370,True,RUB
2025-05,20250527034240,379419,motherboard,MSI A520M-A PRO,5050,True,RUB
2025-10,20251027102734,395207,ram_ddr4,Kingston Fury Beast 16GB (2x8) DDR4-3200,6990,True,RUB
2025-11,20251101005323,395207,ram_ddr4,Kingston Fury Beast 16GB (2x8) DDR4-3200,6990,True,RUB
2026-02,20260206233823,395207,ram_ddr4,Kingston Fury Beast 16GB (2x8) DDR4-3200,19990,True,RUB
2026-03,20260309093138,395207,ram_ddr4,Kingston Fury Beast 16GB (2x8) DDR4-3200,16990,True,RUB
2026-02,20260204131601,395207,ram_ddr4,Kingston Fury Beast 16GB (2x8) DDR4-3200,19990,True,RUB
2026-03,20260305022604,395207,ram_ddr4,Kingston Fury Beast 16GB (2x8) DDR4-3200,16990,True,RUB
2026-02,20260227080722,395207,ram_ddr4,Kingston Fury Beast 16GB (2x8) DDR4-3200,16990,True,RUB
2025-01,20250121192148,395207,ram_ddr4,Kingston Fury Beast 16GB (2x8) DDR4-3200,4620,True,RUB
2025-04,20250418071343,395207,ram_ddr4,Kingston Fury Beast 16GB (2x8) DDR4-3200,4410,True,RUB
2025-11,20251113042126,395207,ram_ddr4,Kingston Fury Beast 16GB (2x8) DDR4-3200,7410,True,RUB
2026-02,20260204131347,395207,ram_ddr4,Kingston Fury Beast 16GB (2x8) DDR4-3200,19990,True,RUB
2022-11,20221109115711,395207,ram_ddr4,Kingston Fury Beast 16GB (2x8) DDR4-3200,4620,True,RUB
2023-02,20230220234908,395207,ram_ddr4,Kingston Fury Beast 16GB (2x8) DDR4-3200,4660,True,RUB
2025-10,20251023085729,326504,ram_ddr4,Kingston ValueRAM 8GB DDR4-3200,3350,True,RUB
2025-11,20251102152500,326504,ram_ddr4,Kingston ValueRAM 8GB DDR4-3200,3310,True,RUB
2026-02,20260207232904,326504,ram_ddr4,Kingston ValueRAM 8GB DDR4-3200,7620,True,RUB
2025-10,20251031094153,326504,ram_ddr4,Kingston ValueRAM 8GB DDR4-3200,3380,True,RUB
2026-02,20260207044208,7435,ram_ddr5,Kingston Fury Beast 16GB (2x8) DDR5-5600,26990,True,RUB
