date,market,retailer,build,component,sku,unit_price,qty,price,currency,candidates
2026-09-24,RU,Regard,budget_am4,cpu,AMD Ryzen 5 5600 OEM,11550,1,11550,RUB,1
2026-09-24,RU,Regard,budget_am4,gpu,NVIDIA GeForce RTX 5050 AFOX 8GB (AF5050-8GD6H7-V2),44480,1,44480,RUB,8
2026-09-24,RU,Regard,budget_am4,ram_kit,16GB DDR4 3200MHz Netac Shadow S White (NTSSD4P32DP-16W) (2x8GB KIT),12990,1,12990,RUB,19
2026-09-24,RU,Regard,budget_am4,ram_single,8GB DDR4 3200MHz ExeGate Value (EX293813RUS),5940,2,11880,RUB,41
2026-09-24,RU,Regard,budget_am4,ssd,1TB Indilinx (IND-S325S001TX),11950,1,11950,RUB,34
2026-09-24,RU,Regard,budget_am4,motherboard,Biostar A520MHP 2.0,5280,1,5280,RUB,18
2026-09-24,RU,Regard,budget_am4,cooler,ID-COOLING SE-902-SD V3,1030,1,1030,RUB,1
2026-09-24,RU,Regard,budget_am4,psu,500W Formula FV-500WD,2800,1,2800,RUB,11
2026-09-24,RU,Regard,budget_am4,case,ExeGate BAA-503 Black,1290,1,1290,RUB,72
2026-09-24,RU,Regard,budget_am5,cpu,AMD Ryzen 5 7500F OEM,13300,1,13300,RUB,1
2026-09-24,RU,Regard,budget_am5,gpu,NVIDIA GeForce RTX 5060 Gigabyte WINDFORCE OC 8GB (GV-N5060WF2OC-8GD),50990,1,50990,RUB,23
2026-09-24,RU,Regard,budget_am5,ram,16GB DDR5 6000MHz Kingston Fury Beast (KF560C30BBEK2-16) (2x8GB KIT),35990,1,35990,RUB,4
2026-09-24,RU,Regard,budget_am5,ssd,1TB MSI SPATIUM M461 (SPATIUM M461 PCIe 4.0 NVMe M.2 1TB),16970,1,16970,RUB,2
2026-09-24,RU,Regard,budget_am5,motherboard,ASUS PRIME B650M-R,9620,1,9620,RUB,11
2026-09-24,RU,Regard,budget_am5,cooler,ID-COOLING SE-902-SD V3,1030,1,1030,RUB,1
2026-09-24,RU,Regard,budget_am5,psu,650W Formula FV-650LT,3000,1,3000,RUB,22
2026-09-24,RU,Regard,budget_am5,case,ExeGate BAA-503 Black,1290,1,1290,RUB,72
2026-09-24,RU,Regard,mid,cpu,AMD Ryzen 5 9600X OEM,18190,1,18190,RUB,1
2026-09-24,RU,Regard,mid,gpu,NVIDIA GeForce RTX 5070 Palit Infinity 3 12GB (NE75070019K9-GB2050S),89990,1,89990,RUB,21
2026-09-24,RU,Regard,mid,ram,32GB DDR5 6000MHz Netac Shadow III (NTSHD5P60DP-32KC) (2x16GB KIT),51260,1,51260,RUB,69
2026-09-24,RU,Regard,mid,ssd,2TB MSI SPATIUM M461 (SPATIUM M461 PCIe 4.0 NVMe M.2 2TB),27320,1,27320,RUB,3
2026-09-24,RU,Regard,mid,motherboard,Gigabyte B650 EAGLE (rev. 1.2),11530,1,11530,RUB,6
2026-09-24,RU,Regard,mid,cooler,ID-COOLING SE-224-XTS OEM,2000,1,2000,RUB,6
2026-09-24,RU,Regard,mid,psu,750W Formula VX-750 PLUS,4360,1,4360,RUB,23
2026-09-24,RU,Regard,mid,case,Ginzzu A400 Black,1760,1,1760,RUB,35
2026-09-24,RU,Regard,high,cpu,AMD Ryzen 7 9800X3D OEM,42100,1,42100,RUB,1
2026-09-24,RU,Regard,high,gpu,NVIDIA GeForce RTX 5080 MSI OC 16GB (RTX 5080 16G SHADOW 3X OC),164990,1,164990,RUB,27
2026-09-24,RU,Regard,high,ram,32GB DDR5 6000MHz Patriot Viper Xtreme 5 RGB Mpower (PVXR532G60C30KM) (2x16GB KIT),57990,1,57990,RUB,22
2026-09-24,RU,Regard,high,ssd,2TB Samsung 990 PRO (MZ-V9P2T0BW),37990,1,37990,RUB,2
2026-09-24,RU,Regard,high,motherboard,MSI PRO X870E-P WIFI,26130,1,26130,RUB,19
2026-09-24,RU,Regard,high,cooler,Thermalright Peerless Assassin 120 SE,3590,1,3590,RUB,4
2026-09-24,RU,Regard,high,psu,850W Formula FV-850BD,4750,1,4750,RUB,28
2026-09-24,RU,Regard,high,case,Ginzzu A400 Black,1760,1,1760,RUB,35
